,pixel_density,brightness,std_deviation,diagnosis
pixel_density,1.0,-0.2104090114283837,-0.02305556155362669,4.762729998196753e-16
brightness,-0.2104090114283837,1.0,0.12915140454333027,0.00886379198853252
std_deviation,-0.02305556155362669,0.12915140454333027,1.0,-6.944534800593731e-15
diagnosis,4.762729998196753e-16,0.00886379198853252,-6.944534800593731e-15,1.0
