pixel_density,brightness,std_deviation
0.0803802938634399,171.7728,29.86896014527456
